Sequence,label
FALKALKKAL,1
ALWKDILKNAGKAALNEINQLVNQ,0
VAKKLAKLAKKLLAL,1
FAKLLAKLAKKAL,1
NPNAIASVTVGRRVS,0
GGLKKLGKKLEGVGKRVFKASEKALPVAVGIKALGK,0
HHPHGHHPHGHHPHGHHPHG,1
TTVKVHASDERLGPMPCRPKEIVSSAGPVM,0
FAKLLAKLAKKVL,1
GLIQTIKEKLKELAGGLVTGIQS,0
GFMDTAKNVAKNVAVTLIDKLRCKVTGGC,0
AQRCGDQARGAKCPNCLCCGKYGFCGSGDAYCGAGSCQSQCRGCR,0
LGGIVSAVKKIVDFLG,1
GFMDTAKNVAKNVAATLLDKLKCKITGGC,0
KFKKLAKKF,1
CAWYNISCRLGNKGAYCTLTVECMPSCN,0
GLFGKLIKKFARKAISYAVKKARGKH,1
GLLDSLKNLAINAAKGAGQSVLNTLSCKLSKTC,0
FKVKFKVKVK,1
KLLKLLLKLYKKLLKLL,1
GFGALFKFLAKKVAKTVAKQAAKQGAKYVVNKQME,0
AKNIKKGPAPFYPLEDGTAGEQLHKAMKRYALVPGTIA,0
CVTCKSTVLCDKMQHPCRRGPRCISC,0
MGLRPDGIIGHSLGEVARAYYNGRISQEEAILSAY,0
AEVAPAPAAAAPAKAPKKKAAAKPKKAGPS,0
GFKDLLKGAAKALVKTVLF,0
VAKLLAKALKKLL,1
GFFALIPKIISSPLFKTLLSAVGSALSSSGGQE,0
MLRTYQPKKRHAKKEHGFRKRMSTSNGRKVLRRRRLKGRKVLSA,0
IKITTMLAKLGKVLAHV,0
PAWFKARRWAWRMKKLAA,1
PDEDAINDALNKVCSTGRRQRSICKQLLKK,0
EEYAYSHQLSRADIT,0
GIGKFLKKAKKFAKAFVKIINN,1
FKLAFKLAKKAFL,1
RKVRGPPVSCIKRDSP,0
SNFHSREKCLTGLVLVTLCFLCFGGIFLLPDNFGSDR,0
REHLREQSRKPPNPT,0
KWKLFKKIGIGKFKLAKKF,1
GFGALFKFLAKKVAKTVAKQAAKQGAKYVVNKQME,1
EQGFPLDLGASFTEDAPR,0
ITTYWGLHTGERDWHL,0
MFSSFNVLIILRGFVRLKKWFNIDSELAFFFPKK,0
GFGCPLNQGACHRHCRSIRRRGGYCAGFFKQTCCYRN,0
KLAKKLAKLAKLAKAL,1
GLMSVLGHAVGNVLGGLFKS,0
AWKKWAKAWKWAKAKWWAKAA,1
GKWSKILGHLIR,1
ALLASALCTFVLPLLLFLAAIKLWDLYCVSG,0
RKAFRWAWRMLKKAAPSITCVR,1
CHHALTHAC,1
GVVDILKGAGKDLLAHLVGKISEKV,0
LLLALTTGFLIFLVSQSQPKTHGH,0
GASGLISFPRV,0
NKWKKILGKIIKVVK,1
KNWKKILGKIIKVVK,1
GIIKKIIKKIIKKI,1
MEVNILAFIATALFILVPTAFLLIIYVKTVSQND,0
GKWGWIYITILFADVGGFKSSRHPEERRVQERRFKRITRGPD,0
FALLKALLKKAL,1
PNQTCMWNTSQIQDPEIPKC,0
GKWMSLLKHWLK,1
KLALKLALKALKAAKLA,1
KWKLFKKIPKFLHSAKKF,1
LLRHVVKILSKYL,1
TLKDITRRLKSIKNIQKITKSMKMVAAAKYARAE,0
GLVGTLLGHIGKAILS,1
FAKLLKLAAKKLL,1
FAKLLAKAFKKAL,1
PEWFKCRRWQWRMKKLGA,1
FLGMIPGLIGGLISAFK,1
ACDCRGDCFCGGGGIVRRADRAAVP,1
VTCDILSVEAKGVKLNDAACAAHCLFRGRSGGYCNGKRVCVCR,0
ADCVGDGQKCADWFGPYCCSGYYCSCRSMPYCRCRSDS,0
FLGWLFKWAKK,1
INAKGVCRSTAKYVR,0
RLGDGCTR,1
KAQIRAMECNIL,1
KRRGSVTTRYQFLMIHLLRPKKLFA,0
GLLDSIKGMAISAGKGALQNLLKVASCKLDKTC,0
ACYCRIGACVSGERLTGACGLNGRIYRLCCR,0
PDEDAINDALNKVCSTGRRQRSICKQLLKK,1
KKKKKKKKLLLLLLLL,0
ELVFFVNGKKVVEKNADPETTLLAYLRRKLGLRGTKLGC,0
VNFKKLLGKLLKVVK,1
FLGGLIKIVPAMICAVTKKC,1
GFGCPNNYQCHRHCKSIPGRCGGYCGGWHRLPCTCYRCG,0
FKRLAKIKVLRLAKIKR,1
KIFGSLAFL,1
GAVPCGETCVYLPCITPDIGCSCQNKVCYRD,1
PVVTKLLKFLDSSASREK,0
TAKYIPVHYVLSNYPHYEPSYY,0
PPDAGEDSKSENGENAPIYCICRKPDI,0
GIIKKIIKKIIKKIIKKI,1
KAAKKAWKWAKKAAKWAKKAA,1
INLKALAALAKKIL,1
VAKALKALLKALKAL,1
AAKPMGITCDLLSLWKVGHAACAAHCLVLGDVGGYCTKEGLCVCKE,0
PAWRKAFRWAARMLKKAA,1
KKKFPWWWPFKKK,1
IFILGYLLSPTLQQYQQIPPRDYENKNYFLVELNTTN,0
ESFSDWWKLLAE,1
HVDKKVADKVLLLKQLRIMRLLTRL,0
GFFDLAKKVVGGIRNALGI,0
PEYDYLFKLLLIGDSGVGK,0
YPFPG,1
GFFAFIPKIISSPLFKTLLSAVGSALSSSGDQE,0
GSQLVYREWVGHSNVIKGPP,0
VNWRRILGRIIRVVR,1
GEQSVGKTSLITRFMYDSFDNTYQATIGIDF,0
CVCVKTTSLVRPRHI,0
KQRQQLFDSQQGWFEGWFNRSPWFT,0
FLKLLKKLAAKFLPTIICKISYKC,1
GMWSKLLGHLLR,1
FGLPMLSILPKALCILLKRKC,0
FAVGLRAIKRALKKLRRGVRKVAKDL,1
TFRAFLSSRLQDLYSIVRRADRAAV,1
VMRNIAHFCSRSKSRVWGKDGWQKIVVCIVADG,0
GRRRRSVQWCAVSQPEATKCFQWQRNMRKVRGPPVSCIKRDSPIQCIQA,1
TPNCALQIVARLK,0
KAAKKAWKAWKKAAKAAWKKAA,1
FCTCNVKGFNAKNKRGIIYP,1
KKKFPWWWPFKKKCKKKFPWWWPFKKKC,1
LSCKRGTCHFGRCPSHLIKGSCSGG,0
RWKIFKKIEKMGRNIRDGIVKAGPAIEVLGSAKAIGK,1
FAKKLKKLAKKL,1
FALALKALKKL,1
QRGLFPAILNLASNAHISTNATCGEKGPEMFCKLVEH,0
MIRIAALNASSTIEDDHEGSFKSHKIQTKEAQEAE,0
GFSSIFRGVAKFASKGLGKDLAKLGVDLVACKISKQC,1
GILDSLKNLAKNAGQILLNKASCKLSGQC,0
FAKLLAKLAKAKA,1
MSMLHLLAGIHSAPLASASVCS,0
KIAKVALAKLGIGAVLKVLTTGL,1
DIQIPGIKKPTHRDIIIPNWNPNVRTQPWQRFGGNKS,0
MLPRLICINDYEQHAKSVLPKSIYDYYRSGANDEE,0
GKWMSFLKHILK,1
GFLGSLLKTGLKVGSNLL,0
FALLKALKKAL,1
YRGGYTGPIPRPPPIGRPPFRPVCNACYRLSVSDARNCCIKFGSCCHLVK,1
VSALSSTRLPGSFSGFLQAAALLGLL,0
FALAKALKKAL,1
WNPFKELERAGQRVRDAIISAGPAVATVAQATALAK,0
HHPHGHHPHGHHPHG,1
VRTLKSFSTLANNFVLIVSQLQPSQENEMFSIRDSAHRRFLLFRRAFKQL,1
MSNTGTTGRIPLWLIGTFVGTAALGILAIFFYGSYVGLGSSL,0
FAKKLAKKLKKLAKKLAKLALALKALALKAL,1
HPTWPQKSVWHGSDPNGRRLTESY,1
IKIPSFFRNILKKVGKEAVSLIAGALKQS,1
FAKALKALLKALKAL,1
KILRGVAKKIMRTFLRRISKDILTGKK,1
ALPKKLKYLNLFNDGFNYMGVV,0
FREVLHCLKMRSKYAVLLVFVVGLVIIEKENNFISRVSD,0
ELPKLPDDKVLIRSRSNCPKGKVWNGFDCKSPFAFS,0
DVMAVSTCVPVAADN,0
QCRRLCYKQRCVTYCRGR,1
AFTVSSETGSISSEESVEHINEKL,0
GFCRCLCRRGVCRCICTR,0
MFCMAGLCLISFLHFFKTLSYVTFPRELASLSPNLIS,0
CHHNLTHAC,1
FAKKLAKKLAKLAL,1
GFFAFIPKIISSPLFKTLLSAVGSALSSSGEQE,0
FAKLFAKAFKKAL,1
DMELKPANAATRTSR,0
GFGCPWNRYQCHSHCRSIGRLGGYCAGSLRLTCTCYRS,0
FAKKLAKKLAKAAL,1
FALKALKKLKKALKKAL,1
SRLLHGQIPCVLTRSVHSVAIVGAPF,0
GKWMSLLKKILK,1
FAKLLAKLAKAKG,1
GLFDVIAKVASVIKKL,1
KAAKKWAKAAKKWAKAWKKAA,1
GLRSKIWLWVLLMIWQESNKFKKM,0
GFGMALKLLKKVL,0
KILRGVAKKILRTFLRRISKDILTGKK,1
HGPVNVFIPVLIGPSWNGSGSGYNSATSSSGSGS,1
KWKLFKKIPLAKKF,1
GIFPIFAKLLGKVIKVASSLISKGRTE,1
PPPLGAAPTGDPKPK,0
PGAVRSPAQILQWQALPNTVPATSCQA,0
KFFRKLKKSVKKRAKEFFKKPRVIGVSIPF,1
VRRFPWWWPFLRR,1
DRDSCVDKSRCGKYGYYGQCDDCCKKAGDRAGTCVYYKCKCNP,0
GFGCPGNQLKCNNHCKSISCRAGYCDAATLWLRCTCTDCNGKK,0
LVEMVQALYEAPAYHLILEG,0
RKGWFKAMKSIAKFIAKEKLKEHL,1
WFKKIPKFLHLAKKF,1
LLYTCLLWLLSSGLWTVQAMDPNAAYMNTSRHHRVLA,0
MSGGYSNGFALLVVLFILLIIVGAAYIY,0
KWKLFKKIGIGAVLKVLKKG,1
HHPHG,1
RPVPHRSKVCRCLFGPVDSEQLRRD,0
FAKLLAKLAKK,1
VNWKKVLGKVVKVVK,1
GLFGKLIKKFGRKAISYAVKKARGKH,1
KQQLATEAESAGPIL,0
KWKLFKKIPLKKF,1
TKALGEVDILLTWMQKFYKL,1
GVSGHGQHGVHG,1
LPVNEAQCRQVGGYCGLRICNFPSRFLGLCTRNHPCCSRVWV,0
TYMPVEEGEYIVNISYADQPKKNSPFTAKKQPGPKVDLSGVKAYGPG,0
FALALKALKK,1
EPIVKSFHFVCLMIIIVGTRIQFSDGNEFA,0
DEDEKKSRGSKLG,0
PLLQATLGGGS,1
MKVRPSVKKMCDNCKIIKRRGVIRVICATPKHKQRQG,0
ACNFQSCWATCQAQHSIYFRRAFCDRSQCKCVFVRG,0
GFLGPLLKLGLKGVAKVIPHLIPSRQQ,0
FKRIVQRIKDFLRNLV,1
KWKLFKKIGPGKFLHSAKKF,1
MIEVFLFGIVLGLIPITLAGLFVTAYLQYRRGDQLDL,0
ALWKNMLKGIGKLAGQAALGAVKTLVGA,1
GLFDVVKGVLKGVGKNVAGSLLEQLKCKLSGGC,1
MVNTGRVPLWLVGLVGGFAVITIVSLFIYGSYSGLGSSL,0
FLGMIPKLIKKLIKAFK,1
CSAYKLVCYYTSWSQYREGDGSCFPDALDRFLCTHIIY,0
GMWSKILKHLIR,1
GCPVSDPFTTQRIPLDSTGY,0
FAGLAANFLPTIICKISYKC,1
FAKLLAKLAKLKL,1
IFGAILPLALGALKNLIK,0
ARNDLASLQQQAAAEAEDIRRWWSQPRWAGTKRVYTAE,0
KWNGWGDTRKFLHQLKPSGT,0
PAWAKAFRAAARMKLKAA,1
IEFARLQFTYNHIQR,0
GAPRLVLLFSGKRKSGKDFVTEA,0
FAKLLAKALKKL,1
ANVDFAFSLYRQLVSSAPDRNICISPVSVSMAL,0
GFGSFLGKALKAALKIGANVLGGAPQQ,0
EVLLEGPSGVLFKDGQKKYLPPGVKIVLLSKAGAVLSNGDNVQF,0
GFFGKMKEYFKKFGASFKRRFANLKKRL,0
ITCQQVTSELGPCVPYLTGQGIP,0
QFEQPRRCPTRPEGQ,0
KNKKPTLILKIHVIQAENIEALKTFNC,0
CKNKEKKCCKNKEKKC,0
GHRYSQFMGIFEDRA,0
NAQMSEDSHSSSVRSQN,0
VAKLLAKLAKKVL,1
PYSDELRQRLAARLEALKENGG,0
PAWRKAFRKAWRMLKKAA,1
ALWKTMLKKLGTMALHAGKAALGAAADTISQGTQ,1
FAKKLAKKLKKLAKKLAKLALAL,1
EGPTLGNGAREIWATLFKKA,0
FAKKLAKKLAKLL,1
GFFDRIKALTKNVTLELLNTITCKLPVTPP,0
TCILDRRPASCGTCVRDCWP,0
RAGLQFPVGRLLRRLLRRLLR,1
KIPLELWTRYNMTINQTIWN,0
PAWRKARRWAWRMKKLAA,1
LRVRLASHLRKLRKRLLRDADDLQKRLAVY,1
DVQCGEGHFCHDQTCCRASQGGACCPYSQGVCCADQRHCCPVGF,0
GVFLDALKKFAKGGMNAVLNPK,0
IFIVFSVFNFGGDPSFQRLNISDPLRLTQVCTSFI,0
MWKWFHNVLSWWWLLADKRPARDYNRK,1
GVFSFLKTGAKLLGSTLLKMAGKAGAEHLACKATNQC,0
FLKLLKKLAAKLF,1
TGAWIEFGCHRNKSNLHTEA,0
DSHEKRHHGYRRKFHEKHHSHREFPFYGDYGSNYLYDN,0
ATCDLFSFRSKWVTPNHAACAAHCLLRGNRGGRCKGTICHCRK,0
FIHHIIGWISHGVRAIHRAIHG,1
CSSRTMHHC,1
FLLLMSLYLLGSARGTSGQSDESSGSIDHQT,0
QAANVAATLKG,1
VAKKLAKLAKKLAKLAL,1
LLGDFKRIVQRIKDF,1
DPKLKWIQEYLEK,0
GMWKKILGHLIR,1
SNNTIAIPTNFSISITTEVM,0
KRLRRVWRRWR,1
LTNAEEFTPKVTKTIAQDSFDILSFDD,0
CHHNATHAC,1
KRFGRLAKSFLRMRILLPRRKILLAS,0
GQVWEATATVNAIRGSVTPAVSQFNARTAD,1
MDIEAYYQRIGYKNPRNKLDLESLTDIFQHQIRTVPYEN,0
FAKKLAKKLKKLAKKLAKLAKKL,1
ADTGEGDFLAEGGGVR,0
FTSVKMPRDEHWPYN,0
ADRFKQVDGFYARDL,0
GFMDTAKNVAKNMAGNLLDNLKCKITKAC,0
GKWKKILGKLIR,1
GLLSRLRDFLSDRGRRLGEKIERIGQKIKDLSEFFQS,0
FALALKAKKL,1
MTLTG,1
KAAKKWAKAAKKAAKAWKKAA,1
FLFSLIPSVIAGLVSAIRN,1
HLGRPSALQIVAHPVSGPASPANFCPEQFQYTLDNNVLSL,0
RYLGYL,1
IIEKLVNTALGLLSGL,0
VFQFLGKIIHHVGNFVHGFSHVF,0
KNPTPPRPAGDNATV,0
FIFHIIKGLFHAGKMI,1
GVLDILTGAGKDLLAHALSKLSEKV,0
MDSNKDERAYAQWVIIILHNVGSSPFKIANLGLSWGKLYADGNKDKEV,0
MRDIKTYLSVAPVLSTLWFGALAGLLIEINRLFPDALSFPFFSF,0
FALALKA,1
DLTSNNPHFHISS,0
GFFSLIKGVAKIATKGLAKNLGKMGLDLVGCKISKEC,0
GRKKRRQRRR,1
ATCDLLSMWNVNHSACAAHCLLLGKSGGRCNDDAVCVCRK,0
FAKKLAKLAKKLAKLAL,1
GWRTLLKKAEVKTVGKLALKHYL,1
GFGCPFNQYECHAHCSGVPGYKGGYCKGLFKQTCNCY,0
MRKWFHNVLSSGQLLADKWPAWDYNRK,1
FAKLLAKLAKKSL,1
GLFKVIKKVASVIGGL,1
RLRNPPVNAISTTLLRDIKEGLQKAGRDHTIKAIVIC,0
LLAGLAANFLPTIICKISYKC,1
GIGKFLHAAKKFAKAFVAEIMNS,1
RDVQVEKRLSPNLLKSLLGK,0
GGLKKLGKKLEGVGKRVFKASEKALPVLTGYKAIG,0
KFKKLAKKW,1
FALAKKALKKAKKAL,1
MTKWQEVDEMLRSEY,0
GLFAVIKKVAAVIRRL,1
FAKKLAKKLKKLAKLALAL,1
ETFSDWWKLLAE,1
ACRVALALAREKEEFKTAGE,0
LQVAERLTRKYNELLKSYQ,0
FAKLLAKALKKLL,1
DDREDLVYQAKLAE,0
FAKIIAKIAKKI,1
NLGPPSFPHHRATLRLSEK,0
VAKFLAKFLKKAL,1
GKWKSLLKHILK,1
GLFAVIKKVASVIKGL,1
GLFAVIKKVASVIKKL,1
GMWKKILGKLIR,1
QAVGWGDPITHWSHGQNQWP,0
LLILTCLVASAVAMPKFPFRHTELFQTQRGGSSSSSS,0
FALAAKALKKLAKKLKKLAKKAL,1
RNSYRKSPSRRNR,0
LRDIKAENTDANFYV,0
GFFALIPKIISSPIFKTLLSAVGSALSSSGGQE,0
SVVQAVEPISLGLALAGVLTGYI,0
FAKLLAKLAKKFAL,1
GIIKKIIKKI,1
WKKIPKFLHLLKKF,1
FAKKLAKALL,1
LQNHELTLWNEARKL,0
GVPCAESCVWIPCTVTALLGCSCKDKVCYLN,1
VNWKKILKKIIKVVK,1
FLYTAFAMQELGCNQNQFFC,0
SKRNTWTPSGSNTKWMVEWSGQNLDSGALGTITVDVLRKGN,1
FAKKLAKLALKLAKL,1
NHFTLKCPKTALTEPPTLAY,1
GLFTLIKCAYQLIAPTVACN,0
FKCRRWQWRMKKLGA,1
GFFKKAWRKVKHAGRRVLDTAKGVGRHYVNNWLNRYR,0
LIAHNQVRQV,1
IDLNITMLEDHEFVP,0
DNVKFLKVKKDPQNPKKQEVMEATVTCLLEGGF,0
GFLGPLLKLGLKGAAKLLPQLLPSRQQ,0
GLFSILRGAAKFASKGLGKDLTKLGVDLVACKISKQC,0
LGQSAASAHHAYIVLAIENSFMTASKKK,1
QPNPDEFVGLM,0
GFMATAKNVAKNMDVTLLDNLKCKITKAC,0
ATCDLLSGTGINHSACAAHCLLRGNRGGYCNGKAVCVCRN,0
GKFMSLLKHILK,1
KWKLF,1
AIGKFLHSAKKFGKAFVGEIMNS,1
YVPLPNVPQPGRRPFPTFPGQGPFNPKIKWPQGY,0
FAKLWAKLAKKL,1
SNGSAECTGEGGSKEVVGTFKAKDLIVTPATIL,0
GILDSFKQFAKGVGKDLIKGAAQGVLSTMSCKLAKTC,0
ESGEGLGRKKS,0
GFGSLLGKALKIGTNLL,0
ATCDLLSGIGVQHSACALHCVFRGNRGGYCTGKGICVCRN,0
GIPCGESCVFIPCTVTALLGCSCKDKVCYKN,1
FAKKLAKLAKKLAKLALAL,1
KWKSFLKTFKSAKKTVAHTAAKAISS,1
FALALKLAKKL,1
GFGCPFNENECHAHCLSIGRKFGFCAGPLRATCTCGKQ,0
AAVPIVNLKDELLFPSWEALFSGSE,1
SFTTPEHDFTLFPHRNHSVTSESRIPSEQTLKSLTDI,0
EIRLPEPFRFPSPTVPKPIDIDPILPHPWSPRQTYPIIARRS,0
NHIQRHVNDMLGRVA,0
CHHNLTAAC,1
KPSPDRFYGLM,0
KAAKKAWKAAKKAWKAAKKAA,1
GVLDILKGAGKDLLAHALSKISEKV,0
ASDSEEEVCDERTSLMSAESPTPR,0
GSVIKCGESCLLGKCYTPGCTCSRPICKKD,1
CAHNLTHAC,1
TVDTASAVRTPYDKARVFADLSPQEIKAVHSFLMNREEL,0
PFDYGLKWQSCSCRANGSRI,0
FALALKALKKLAKKLKKLAKKAL,1
GMWSKILGHLKR,1
GTCKAECPTWEGICINKAPCVKCCKAQPEKFTDGHCSKILRRCLCTKPC,0
NLRKFKSKLGDRRQEPRVTKSAIEKL,0
KAAKKWAKAWKKAAKAWKKAA,1
TAFHRDDHETDMELK,0
GRPNPVNTKPTPYPRL,0
VNWKKILAKIIKVVK,1
HHPHGHHPHG,1
EADEPLWLYKGDNIERAPTTADHPILPSIIDDVKLDPNRRYA,0
LLLVAVFTVYVFFHGAQYARGSAPSPKYSTVLSSGSGY,0
FAKFLAKFLKKAL,1
SSSSSCYLEEALQRPVA,0
KKGILERLNAGEVVIGDGGFVFAL,0
FLFSLIPSAIAGLVSAIRN,1
HRHQGPIFDTRPSPFNPNQPRPGPIY,0
EKKCPGRCTLKCGKHERPTLPYNCGKYICCVPVKVK,0
ATAPTTRNLLTTPKF,0
MWKEFHNVLSSGQLLADKRWARWYNRW,1
PAWRKAFRWAKRMLKKAA,1
FAKLLAKFLKKAL,1
MGIIYLILFLIVIYLLYRILDVLEQK,0
FALLKL,1
AAKKWAKAKWAKAKKWAKAA,1
GTPGFQTPDARVISRFGFN,0
ITSISLCTPGCKTGALMGCNMKTATCHCSIHVSK,1
GERKNNNKRWYFTREQLENSPSRRFGVDPDKE,0
CLAGRLDKQCTCRRSQPSRRSGHEVGRPSPHCGPSRQCGCHMD,0
PAWRKAARWAWRMLKKAA,1
KAKLF,1
FAKLLAKLAK,1
GSKKPVPIIYCNRRTGKCQRM,0
VSCTCRRFSCGFGERASGSCTVNGVRHTLCCRR,0
KWKLFKKIGIGAFLHLAKKF,1
SWLSKTAKKLENSAKKRISEGIAIAIQGGPR,0
PPPEE,1
KAAKKAWKAAKKAAKWWKKAA,1
FLWWLFKWAWK,1
GFLDIIKDTGKEFAVKILNNLKCKLAGGCPP,1
GFMDTAKQVAKNVAVTLIDKLRCKVTGGC,0
GLVSSIGRALGGLLADVVKSKEQPA,0
PAWRKAFRAAWRMLKKAA,1
LQDAALGWGRRCPQCPRCPSCPSCPRCPRCPRCKCNPK,0
AFGMALKLLKKVL,1
LTCEIDRSLCLLHCRLKGYLRAYCSQQKVCRCVQ,0
FALALKALKKAL,1
LKLKLKLKLKLKLKLK,0
GFGCPNNYACHQHCKSIRGYCGGYCAGWFRLRCTCYRCG,0
GFSSIFRGVAKFASKGLGKDLAKLGVDLVACKISKQC,0
KKKFPWWWPFKKKKKKFPWWWPFKKKK,1
GLLNGLALRLGKRALKKIIKRLCR,0
SVTLPSICSHFNPLSLEELG,0
SWLSKTAKKLENSAKKRISEGIAIAIQGGPR,1
AAWKWAWAKKWAKAKKWAKAA,1
LSAASHRIPLSDGNSIPIIGLGTYSEPKSTPKGACATSV,0
AFHRYGTTVNCIVEE,0
VALALKALKKLAKKLKKLAKKAL,1
FAKLFAKLAKKFAL,1
DPTARLQLEARLQHLVAEILEREQSLALHA,0
FAKKALKALKKL,1
MDSNKDERAYAQWVIIILHNVGSSPFKIANLGLSWGKLYADGNKDKEV,1
FLGALFKALSKLL,1
RWRWRWRW,1
PDEDAINNALNKVCSTGRRQRSICKQLLKK,1
LCSKANVYTEVPDGGWGWAVAVSF,0
KSCCRSTQARNIYNAPRFAGGSRPLCALGSGCKIVDDKKTPPND,0
ALSKALSKALSKALSKALSKALSK,1
ANGSRIPTGERVWDRGNVTL,0
KWKFKKIPKFLHLAKKF,1
RCGGGARACRRACRCWLSGY,0
MFTLKKSLLLLFFLGTINLSLCEEERNAEEERRDEPDE,0
PMPVSQECFETLRGHERILSILRHQNLLKELQDLALQGAKERAHQQ,1
FAKLLAKALKKAL,1
RADITTVSTFIDLNI,0
KWWKKAAKAAKKAAKAAKKWA,1
KLAKKLAKLAKKLAKLAKKLA,0
FLHHIVGLIHHGLSLFGDRAD,1
FAKKLAKKLAKAL,1
MPKEKVFLKIEKMGRNIRN,1
GFFALIPKIISSPLFKTLLSAVGSALS,1
VTCYCRRTRCGFRERLSGACGYRGRIYRLCCR,0
GFGSFLGKALKAALKIGADVLGGAPQQ,0
GKWMSLWKHILK,1
PLGEEMRDRARAHVDALRTHLA,0
GFMNTAKNVAKNVAVTLLDNLKCKITGGC,0
FLPLKKLRFGLL,1
KSHRDPYATSVGHLIEKA,0
MKAIFVLKGWWRTS,0
GLLSGVLGVGKKVDCGLSGLC,0
VTCDLLSFEAKGFAANHSLCAAHCLAIGRRGGSCERGVCICRR,0
NAGGWFSSWFFSNTANEDQDDMLPSTSAAAGETNYARN,0
VHGMHPKETTRQLSLAVKDGL,0
ILPWKWPWWPWRR,1
MHDFWVLWVLLEYIYNSACSVLSATSSVSSRVLNRSLQVKVVKITN,0
MDIVSLAWAALMVVFTFSLSLVVWGRSGL,0
GLFDVIKAVASVIGGL,1
CVPADINKEEEFVEEFNRLKTFANFPSG,0
MPFVNQEIVLQIEFEKPTSQSYQVGNFCQGRLNHQETEGGT,0
MQPILEKLYRAESMSQQESQQLFSAIVRGELEPSQLAA,0
LLGRCKVKSNRFHGPCLTDTHCSTVCRGEGYKGGDCHGLRRRCMCLC,0
GFGSFLGKALKAALKIGANVLGGAPEQ,0
SVSVGTKPRPRP,0
VALALKALKKALKKLKKALKKAL,1
AGLCSLVTSHLTEEIQASNDT,0
IVRRADRAAVP,1
LDIVKKVVGAFGSL,0
RVDHLLSAVESELQAGSEKGDPTERELRVA,0
GFGCPLDQMQCHRHCQTITGRSGGYCSGPLKLTCTCYR,0
KQEGRDHDKSKGHFHMIVIHHKGGQAHHG,0
FLSLIPKLVKKIIKAFK,1
MTQSNPNEQNVELNRTSLYWGLLLIFVLAVLFSNYFFN,0
GLPLCGETCVGGTCNTPGCSCGWPVCVRN,1
GRRRRSVQWCAVSQPEATKCFQWQRNMRKVRGPPVSCIKRDSPIQCIQA,0
FAKLLAKLAKKGL,1
AKRHHGYKRKFH,1
FAKKLAKLAKKALAL,1
ADIIMEKLTEKQTEVETVMSEVSGFPMPQL,0
VYRFFTRLGQIYQSWLDKSTPYTA,0
FAKKLAKKLKKLAKKLAK,1
PAWRKAFRWAWRMKKLAA,1
GFGCPFNQGACHRHCRSIRRRGGYCAGLFKQTCTCYR,0
CHHNLAHAC,1
GWANTLKNVAGGLCKITGAA,0
RHEIKDSGLLDYTEV,0
GMWSKILGKLIR,1
AYQRALAAHPWKVQVLTAGSLMGLGDIISQ,0
GFLGILFHGVHHGRKKALHMNSERRS,0
GLVGTLLGHIGKAILG,1
HAQKQLSKTSWDFIEGEADDGITYSENIAAFKRIRLR,0
VEKTLTALPGLFLQNQPG,0
VTSWSLCTPGCTSPGGGSNCSFCC,0
GLFRRLRDSIRRGQQKILEKARRIGERIKDIFRG,0
KAAKKAAKAAKKAAKAAKKAA,1
KTKLFKKFAKKLAKKLKKLAKKL,1
SFPVNRFNIADNTPPTLDF,0
SRFSVGSASPSSVLLYAKDL,0
GRKKRRQRRRGGWMWVTNLRTD,1
TRATSLGRPEEEEDELAHRCSSFMAPPVT,0
KRFHSVGSLIQRHQQMIRDKSEATRHGIRIITRPKLLLAS,0
FAKLLAKALKLKL,1
MWKWFHNVLSSGQLLADKWWAWWYNWW,1
LKLSPKTKDTLKKVLKGAIKGAIAIASMA,1
NVWKKILGKIIKVVK,1
LFGMALKLLKKVL,1
GLFAVIKKVAKVIKKL,1
KYKKALKKLAKLL,1
AVIGAGVIGLSTALCIHERYHPTQPLHMKIYADRFTPFTT,0
FLSLIPSLVGGSISAFK,1
YETSRKTSYIFQQPQHGPWQTRMRKISNHGSLRV,0
VNWKKILPKIIKVVK,1
LRKEKKRLLLRKEKKRLL,0
PNDGHDHPEKKDPDTTPKQVAGV,0
GIGVLLSAGKAALKGLAKVLAEKYAN,1
IVMVGDGGVGKSAMTIQFIQSTFV,0
KWKLFAKIGIGKFLHLAKKF,1
GKWMSLLKHIWK,1
PAARKAARWAWRMLKKGA,1
FAKLLALALKLKL,1
GVITDALKGAAKTVAAELLRKAHCKLTNSC,0
HSHRDFQPVLHLVALNSPLSGGMRG,1
ATPATPTVAQFVIQGSTICLVC,0
LSNTLAELYVREHLR,0
KWKSFAKTFKSAKKTVAHTALKAISS,1
ETWRTEAPSATGQASSLLGGRLLGQ,1
GFMDTAKNVAKNEAGNLLDNLKCKITKAC,0
CSCRTSSCRFGERLSGACRLNGRIYRLCC,0
YTPNDITLNNSVALDPIDISIELNKAKSDLEESKE,0
KWFKKIPKFLHLLKKF,1
AAAPF,0
FAKLLAKLAKAKL,1
KWKKFLKIGIGKFLHLAKKF,1
FAKIIAKIAKIAKKIL,1
VAKKLAKLAKKLAKLALAL,1
DEVSKYEKLAKIGQGTFGEVFKAR,0
FALALKLAKKAL,1
FAKKLLAKALKL,1
FRKSKEKIGKEFKRIVQRIKDFLRNLV,1
KWKLAKKALALL,1
GFGSKPIDSFGLSWL,1
KWKKLLKKPPPLLKKLLKKL,1
KTHINIVVIGHVDSGKSTTTGHLIYKCGGIDKRTIEKF,0
GLFDVIKKVAAVIGGL,1
KLVAPVTFRHHRYDDLVRTLYKVQNECPGITRVYSIGR,0
MRGIRGADFQAFQQARAVGLAGTFR,1
PAWRKAFRWAWRMLKKAA,1
WKKIPKFLHLAKKF,1
VPYSWSWQVSLQYEKDGA,0
ATRVVYCNRRSGSVVGGDDTVYYEG,0
PAARKAFRWAWRMLKKAA,1
VPTHLATDVELKEIQGMMDASEGTNYTCCK,0
VVSLSIPR,0
QLTFTPGW,0
INWLKLGKAIIDAL,0
CTSDLPSSWGYMNCNCTNSSSS,0
SDDPKESEGDLHCVC,0
MKVRASVKKRSEDDIIVRRKGRIYVINKKNRRHNQRQG,0
GVGSPYVSRLLGICL,1
GCSVGAEADRELEELLESA,0
FAFAKIIAKIAKKII,1
YGRKKRRQRRRREADFFWSLCTADMS,1
QRRNQLHDLRFADID,0
CETPSKHFNGLCIRSSNCASVCHGEHFTDGRCQGVRRRCMCLKPC,1
ALNTLVKQLSSNFGAISSVLNDILSRLDKVEAEVQIDRL,0
FAKKLAKKLKKLAKLALAK,1
GKQYFPKVGGRLSGKAPLAAKTHRRLKP,0
KRRHWFPLSFQEFLEQLRRFRDQLPFP,0
VNWKKLLGKLLKVVK,1
LKKLAKLALAF,1
RGDLLRHVVKILSKYL,1
TRSSRAGLQWPVGRVHRLLRKGGC,1
GLLRASSVWGRKYYVDLAGCAKA,0
KCKWWNISCDLGNNGHVCTLSHECQVSCN,0
MTPSLSNFLWSLAWGTLIVVIPATVGLIFISQKDKIQRS,0
MTRRTTINPDSVVLNPQKFIQ,0
FIHHIIGGLFSAGKAIHRLIRRRRR,1
KNWKKILKKIIKVVK,1
KKVVFKVKFK,1
FALALKALKKLKKALKKAL,1
WCNWHNIDPWIQLMNRTQADLAEGPPVKEC,0
TMKSTVLLSVFTVLATWAGLLEAHPLGD,0
VAKALAKALLKALKAL,1
GLFAVIKKVAAVIKKL,1
VNWKKIILGKIIKVVK,1
GFGCPNDYSCSNHCRDSIGCRGGYCKYQLICTCYGCKKRRSIQE,0
FAKLLAKALKKFL,1
GFCRCICTRGFCRCICTR,0
LLFLCFHLRFCKVTYTSQEDLVEKKCLAKKYTHLSCD,0
SGSRIHVFKWQDTE,0
FAKKFAKKFKKFAKKFAKFAFAF,1
RRRRRNWMWC,1
TEVSEALGGAGLTGGFYEPL,0
KISKRILTGKK,1
RPAHPLDPLSTAEIKAATNTVKSYFAG,0
RRRRRWCMNW,1
GTWDDIGQGIGRVAYWVGKALGNLSDVNQASRINRKKKH,0
IIGLVSKGTCVLVKTVCKKVLKQG,0
MKVKSSVRKICENCKVIRRSGKVIVICSNPKHKQRQG,0
IAVVFKENIAPYKFK,0
TEMSFLSSEVLVG,0
FLEGFLVPKVVPGPTAALLKKALDD,0
FAFGKGIGKVGKKLL,1
GFKLKGMARISCLPNGQWSNFPPKCIRECAMVSS,0
MTQQSNPNEQTVELNRTSLYWGLLLIFVLAVLFSNYFFN,0
FALAKLAKKAKAKLKKALKAL,1
RCGTGPRLTKDLEAVPFVNR,0
MKVRASVKKLCRNCKIVKRDGVIRVICSAEPKHKQRQG,0
SVAGRAQGM,1
ELLVDLL,1
GFKMALKLLKKVL,1
ATAVDFGPHGLLPIRPIRIRPLCGKDKS,0
KWKLFKKIPHLAKKF,1
WALAL,1
GKWKKILGHLIR,1
VAKLLAKLAKKLL,1
ALWKDILKNVGKAAGKAVLNTVTDMVNQ,1
GLLRKGGEKIGEKLKKIGQKIKNFFQKLVPQPEQ,1
GSSGLIPFGRT,0
KWKLFKKALKKLKKALKKAL,1
GFIFHIIKGLFHAGKMIHGLV,1
GLVSSIGKALGGLLADVVKTKEQPA,0
FFSLIPSLVGGLISAFK,1
FAKGVGKVGKKAL,1
FGKGIGKVGKKLL,1
GICYCICGRGICRCICGR,0
DLRFLYPRGKLPVPTLPPFNPKPIYIDMGNRY,0
FAKLLAKALKKFAL,1
RKKRRQRRR,1
GFSSLFKAGAKYLLKSVGKAGAQQLACKAANNCA,0
DLRFWNPREKLPLPTLPPFNPKPIYIDMGNRY,0
TESYFVFSVGM,1
VNYGNGVSCSKTKCSVNWGQAFQERYTAGINSFVSGVASGAGSIGRRP,0
YGRKKRRQRRR,1
MRIAKIGVIALFLFMALGGIGGVMLAGYTFILRAG,0
FLGALFKALSHLL,1
GFLDIIKDTGKEFAVKILNNLKCKLAGGCPP,0
GLLCYCRKGHCKRGERVRGTCGIRFLYCCPRR,0
VALALKALKKL,1
VNWKKILGKIKKVVK,1
GVIKSVLKGVAKTVALGML,0
ADDKNPLEECFRETDYEEFLEIARNGLKATSNPKRVV,0
GGSSGLISMPRV,0
ATCYCRTGRCATRESLSGVCEISGRLYRLCCR,0
ILRWPWWPWRRK,1
GAFLKCGESCVYLPCLTTVVGCSCQNSVCYRD,1
FAKLLAKLAKKEL,1
GFGCPNDYPCHRHCKSIPGRAGGYCGGAHRLRCTCYR,0
GETDPNTQLLNDLGNNMAWGAALGAPGGLGSAALGAAGGALQTVGQGLID,1
VYWKKILGKIIKVVK,1
LPKWKVFKKIEKVGRNIRNGIVKAGPAIAVLGEAKALG,1
GKWMTLLKHILK,1
FLGWLFKWAWK,1
VAKKFAKKFKKFAKKFAKFAFAF,1
FAKKLAKKLKKLAKKLAKKWKL,1
WKLFKKIPKFLHLAKKF,1
FAFGKGIGKIGKKGL,1
KWKKLAKKW,1
LTFSDWWKLLAE,1
KGLVLGIYSKEKEEDEPQFTSAGEN,0
FFRHLFRGAKAIFRGARQGWRAHKVVSRYRNRDVPETDNNQEEP,0
ANFYVCPPPTGATVV,0
GMWSKILGHLIK,1
CYSRPLVSFRYEDQG,0
KAKLAKKALAKLL,1
RIRTWKSLVKHHM,0
ITSISLCTPGCKTGALMGCNMKTATCNCSIHVSK,1
FAKKLAKKLKKLAKKLIGAVLKV,1
FAKAIAKIAFGKGIGKVGKKLL,1
GSEGPLKPGARIFSFDGKDVLRHPT,1
LDSYDKFLVRNAASIGSIESTLRTVSYVLPGRFNDVE,0
KWKSFLKTFKSLKKTVLHTALKAISS,1
ENFFKEIERAGQRIRDAIISAAPAVETLAQAQKIIKGGD,0
LLRHVVKILEKYL,1
KRFKKFFKKVKKSVKKRLKKIFKKPMVIGVTIPF,1
FAKLAKKLL,1
KMWSKILGHLIR,1
FAKLLFKALKKAL,1
QAQPVLVFKLTADFREDPDPRKVNLGVGAYRTDDS,0
MEFVAKLFKFFKDLLGKFLGNN,0
MIDLNFPSIFVPLVGLVFPAIAMASLSLYVQRNKIV,0
FAKALAKLAKKLL,1
APPGARPPPGPPPPGPPPPGP,0
TPGSKISVIRSKRVIQANTISSCDIIISD,0
WFKKIPKFLHLLKKF,1
FLGALFHALSKLL,1
TAGIKLTVPIEKFPVTTQTFWG,1
KILRGVAKKIMRTFLRRILTGKK,1
SKWQHQQDSCRKQLQGVNLTPCEKHIMEKIQGRGDDDDDDDDD,1
VYPYDEFVLATGDFV,0
LLGDFFRKSKEK,1
MLTLKLFVYTVVIFFVSLFIFGFLSNDPGRNPGREE,0
FLKLLAGLLKNFA,1
SWFASTGGRDSKIDVWSLVP,0
EMCILIDENDNKIGADTKKNCHLNENIDKGLLHRA,0
ISSVKFSPNTSQFLLVSSWDTSVRL,0
RALVDTLKFVTQAEGAK,0
KPPCRGCSSYLME,0
FAKLWAKLAFGKGIGKVGKKLL,1
DFKDWMKTAGEWLKKKGPGILKAAMAAAT,0
FALALKKALKALKKAL,1
ARQLNPSDQELQSPQQLYPQQPYPQQPY,0
HNKQEGRDHDKSKGHFHRVVIHHKGGKAH,0
PIDPGV,0
ILPIRSLIKKLL,1
MEALVYVFLLIGTLVVIFFAIFFRDPPRIAKK,0
PAWFKARRWAWRMLKKAA,1
FKCRRWQWRMKK,1
IGVFKNIEYMCSRTSSKTWGKDA,0
LSSGRPDGFIHVQGHLQEVD,0
FAKLLAKLAKKAA,1
YAKLLAKLAKKAL,1
SLLLAGFIPPSQGQEKSKTDCHAGVGGTIYEYG,0
KWKLFKKIGIGKFLHSAKKF,1
GLFKVIKKVAKVIKKL,1
DTARIAVVGAGVVGLSTAVCISKLVPRCSVTII,0
KQRNRWEWRPDFKSKKVKISLPC,0
PPAGLLSDEDVVDSPILESTAADLRSVVRKDLLSDC,0
RVDLGDCIGKDARDA,0
FALKALKK,1
DKNAYGIDLIL,0
HNGPAHWHEHFPIANGERQSPIA,0
ANTAFVSSAHNTQKIPAGAPFNRNLRAMLADLRQNAAFAG,0
MLRKLWRRKLFSFPTKYYFLFLAFSVVTFTVLRI,0
GFFSTVKNLATNVAGTVIDTLKCKVTGGCRS,0
FALALKALKKLLKKLKKLAKKAL,1
FAKKLAKKAKLAKKL,1
FAKKLAKLAKKLAKAL,1
ILENLLARSTNEDREGSIFDTGPIRRPKPRPRPRPEG,0
RGSALTHLP,1
GILDTLKNLAISAAKGAAQGLVNKASCKLSGQC,0
FAKKLAKLAKKLLAL,1
FAKLF,1
FAKKLAKLAKKL,1
RGDLLRHVVKILEKYL,1
GPDSCNHDRGLCRVGNCNPGEYLAKYCFEPVILCCKPLSPTPTKT,0
LMARGHPKAYGHLPPGPRPLP,0
GGKMLYNKVTKQLSYCTDPL,0
KVKVKVKVPPTKVKVKVK,1
FAKLAKKALAKLL,1
MKVNPSVKPICDKCRVIRRHGRVMVICSDPRHKQRQG,0
GFGSKPLDSFGLNFF,1
FAKLLAKLAKKLL,1
ASGLLLAALLACLTVMILLSV,0
KWKWKW,1
LRPAVIRPKGK,0
TIELSNIKENKCNGTDAKVKLIKQELDKYKNAVTE,0
GLFDVIKKVASVIKKL,1
KWKSFLKTFKSAKKTVAHTALKAISS,1
WVPKRPSVCTMTKWQ,0
YCESPAAAMDAYYSPVSQSREGSSP,0
RRSPSPTPTPGPSRRGPSLGASSHQHSRRRQGWLKEIR,0
GKWLSLLKHILK,1
GFGMALRLLRRVL,1
CHANLTHAC,1
FAKKLAKKLL,1
GFMDTAKNVAKNMAVTLLDNLKCKITKAC,0
FGRYAFTVRALSSLPDKKKEFLHNGP,0
GFGCNGPWDEDDMQCHNHCKSIKGYKGGYCAKGGFVCKCY,0
KWKSFLKTFKSLKKTVLHTLLKLISS,1
GFGCPLNQGACHNHCRSIGRRGGYCAGIIKQTCTCYRK,0
GKWMKLLKHILK,1
FAEPLPSEEEGESYSKEPPEMEKRYGGFM,0
YGYREGSHTEHTTYA,0
SKRNTWTPSGSNTKWMVEWSGQNLDSGALGTITVDVLRKGN,0
PAWRKARRWARRMKKLAA,1
GSSGLISMPRV,0
GSCSCSGTISPYGLRTCRATKTKPSHPTTKETHPQTLPT,0
KITELNPHLMCVLCGGYFIDATTII,0
MWKWFHNVLSSWQLLADKRPARDYNRK,1
WRWRWRWRW,1
FALALKALKKA,1
KWKLFKKKTKLFKKFAKKLAKKL,1
FVDLKKIANIINSIF,1
FFSASCVPGADKGQFPNLCRLCAGTGENKCA,0
KWLRRVWRWWR,1
KWKSFLKTFKSAKKTVLHTLLKAISS,1
WAIVLL,1
ATHIKVGQPQYYQAN,0
GKWSKILGKLIR,1
GTSCGETCVLLPCLSSVLGCTCQNKRCYKD,1
FAKLLAKLAKKL,1
GIPCGESCVYIPCTVTALLGCSCKDKVCYKN,1
GIGKFLHSAKKFAKAFVAEIMNS,1
YARDLTTKARATAPT,0
FAKLLAKLAKKIL,1
KWKSFAKTFKSAKKTVLHTALKAISS,1
FALALKALKKALKKLKKALKKAL,1
GILDTLKQFAKGVGKDLVKGAAQGVLSTVSCKLAKTC,0
ILKEQRQKGSASTLSSNGILDLKPVSEDNFYKWTAKL,0
MLAKIKAMIKKFPNPYTLAAKLTTYEINWYKQQYGRYPWERPVA,0
FAKLA,1
STGCVIAGRLANVDENLKVLLIENGENNLN,0
GSVLNCGETCLLGTCYTTGCTCNKYRVCTKD,0
FLVEQMWAPLWSRSMRPGRWCSQRSCAWQTSNN,0
GIFSLVKGAAKLAGKGLAKEGGKFGLELIACKIAKQC,0
KILRGVAKKIMRTFLRRISKKILTGKK,1
MTLIKYKRKNIQFYKKIIANGYAK,0
FALALKLKKL,1
GFGCPGDAYQCSEHCRALGGGRTGGYCAGPWYLGHPTCTCSF,0
GIGKFLHSAKKWGKAFVGQIMNC,1
LRVRLASHLRKLRKRLLRDADDLQKRLAVY,0
GFKRIVQRIKDFLRNLV,1
PALNCYWPLNDYGFYTTSGI,0
QICKAPSQTFPGLCFMDSSCRKYCIKEKFTGGHCSKLQRKCLCTKPC,1
KKWWKAQKAVNSGPNA,0
GFSSIFRGVAKFASKGLGKDLARLGVNLVACKISKQC,0
LPLGFSAIRRYYLGAVELSWDYRQ,0
FAKKLKKLAKLAKKL,1
GFFALIPKIISSPLFKTLLSAVGSALSSSGEQE,0
ALSILKGLEKLAKMGIALTNCKATKKC,0
FAKLLAKKLL,1
PWVNIFLPVLAIFLIYIIF,0
TKPRKTKPRKTKPRKTKPR,1
FDPYALSEHDEERPQNVQSKSRTAELQAEIDDTVGI,0
DEDDD,1
CGRCLQRACCKYCRLKCRLILFVIF,0
KEPLEFHAKRPWRPEEAVEDPDEED,0
GRPNPVNNKPTPHPRL,0
ETFADWWKLLAE,1
VLGDLQAAPEAQVSVQPNFQQDKFL,0
